group_status,group_name,group_function,group_type,group_member
,group_all_DCs,group,location,DC_HAMTRAMCK
,group_all_DCs,group,location,ODC_DETROIT
,group_all_DCs,group,location,ODC_GRAND_RAPIDS
,group_all_DCs,group,location,ODC_DAYTON
,group_all_DCs,group,location,ODC_NASHVILLE
,group_all_DCs,group,location,ODC_RAMOS
,group_all_SUPPLIERS,group,location,SUP_397
,group_all_SUPPLIERS,group,location,SUP_40
,group_all_SUPPLIERS,group,location,SUP_373
,group_all_SUPPLIERS,group,location,SUP_346
,group_all_SUPPLIERS,group,location,SUP_139
,group_all_SUPPLIERS,group,location,SUP_172
,group_all_SUPPLIERS,group,location,SUP_50
,group_all_SUPPLIERS,group,location,SUP_253
,group_all_SUPPLIERS,group,location,SUP_352
,group_all_SUPPLIERS,group,location,SUP_180
,group_all_SUPPLIERS,group,location,SUP_347
,group_all_SUPPLIERS,group,location,SUP_107
,group_all_SUPPLIERS,group,location,SUP_308
,group_all_SUPPLIERS,group,location,SUP_101
,group_all_SUPPLIERS,group,location,SUP_366
,group_all_SUPPLIERS,group,location,SUP_52
,group_all_SUPPLIERS,group,location,SUP_166
,group_all_SUPPLIERS,group,location,SUP_277
,group_all_SUPPLIERS,group,location,SUP_363
,group_all_SUPPLIERS,group,location,SUP_41
,group_all_SUPPLIERS,group,location,SUP_76
,group_all_SUPPLIERS,group,location,SUP_157
,group_all_SUPPLIERS,group,location,SUP_59
,group_all_SUPPLIERS,group,location,SUP_287
,group_all_SUPPLIERS,group,location,SUP_112
,group_all_SUPPLIERS,group,location,SUP_375
,group_all_SUPPLIERS,group,location,SUP_369
,group_all_SUPPLIERS,group,location,SUP_154
,group_all_SUPPLIERS,group,location,SUP_169
,group_all_SUPPLIERS,group,location,SUP_162
,group_all_SUPPLIERS,group,location,SUP_383
,group_all_SUPPLIERS,group,location,SUP_136
,group_all_SUPPLIERS,group,location,SUP_102
,group_all_SUPPLIERS,group,location,SUP_328
,group_all_SUPPLIERS,group,location,SUP_81
,group_all_SUPPLIERS,group,location,SUP_320
,group_all_SUPPLIERS,group,location,SUP_121
,group_all_SUPPLIERS,group,location,SUP_68
,group_all_SUPPLIERS,group,location,SUP_284
,group_all_SUPPLIERS,group,location,SUP_29
,group_all_SUPPLIERS,group,location,SUP_319
,group_all_SUPPLIERS,group,location,SUP_393
,group_all_SUPPLIERS,group,location,SUP_202
,group_all_SUPPLIERS,group,location,SUP_103
,group_all_SUPPLIERS,group,location,SUP_303
,group_all_SUPPLIERS,group,location,SUP_120
,group_all_SUPPLIERS,group,location,SUP_88
,group_all_SUPPLIERS,group,location,SUP_177
,group_all_SUPPLIERS,group,location,SUP_151
,group_all_SUPPLIERS,group,location,SUP_307
,group_all_SUPPLIERS,group,location,SUP_74
,group_all_SUPPLIERS,group,location,SUP_125
,group_all_SUPPLIERS,group,location,SUP_128
,group_all_SUPPLIERS,group,location,SUP_365
,group_all_SUPPLIERS,group,location,SUP_413
,group_all_SUPPLIERS,group,location,SUP_330
,group_all_SUPPLIERS,group,location,SUP_368
,group_all_SUPPLIERS,group,location,SUP_282
,group_all_SUPPLIERS,group,location,SUP_163
,group_all_SUPPLIERS,group,location,SUP_49
,group_all_SUPPLIERS,group,location,SUP_34
,group_all_SUPPLIERS,group,location,SUP_354
,group_all_SUPPLIERS,group,location,SUP_89
,group_all_SUPPLIERS,group,location,SUP_142
,group_all_SUPPLIERS,group,location,SUP_21
,group_all_SUPPLIERS,group,location,SUP_275
,group_all_SUPPLIERS,group,location,SUP_148
,group_all_SUPPLIERS,group,location,SUP_114
,group_all_SUPPLIERS,group,location,SUP_106
,group_all_SUPPLIERS,group,location,SUP_362
,group_all_SUPPLIERS,group,location,SUP_109
,group_all_SUPPLIERS,group,location,SUP_338
,group_all_SUPPLIERS,group,location,SUP_83
,group_all_SUPPLIERS,group,location,SUP_285
,group_all_SUPPLIERS,group,location,SUP_336
,group_all_SUPPLIERS,group,location,SUP_264
,group_all_SUPPLIERS,group,location,SUP_147
,group_all_SUPPLIERS,group,location,SUP_69
,group_all_SUPPLIERS,group,location,SUP_26
,group_all_SUPPLIERS,group,location,SUP_379
,group_all_SUPPLIERS,group,location,SUP_2
,group_all_SUPPLIERS,group,location,SUP_71
,group_all_SUPPLIERS,group,location,SUP_108
,group_all_SUPPLIERS,group,location,SUP_82
,group_all_SUPPLIERS,group,location,SUP_266
,group_all_SUPPLIERS,group,location,SUP_110
,group_all_SUPPLIERS,group,location,SUP_63
,group_all_SUPPLIERS,group,location,SUP_283
,group_all_SUPPLIERS,group,location,SUP_146
,group_all_SUPPLIERS,group,location,SUP_302
,group_all_SUPPLIERS,group,location,SUP_353
,group_all_SUPPLIERS,group,location,SUP_171
,group_all_SUPPLIERS,group,location,SUP_122
,group_all_SUPPLIERS,group,location,SUP_309
,group_all_SUPPLIERS,group,location,SUP_374
,group_all_SUPPLIERS,group,location,SUP_123
,group_all_SUPPLIERS,group,location,SUP_56
,group_all_SUPPLIERS,group,location,SUP_290
,group_all_SUPPLIERS,group,location,SUP_72
,group_all_SUPPLIERS,group,location,SUP_178
,group_all_SUPPLIERS,group,location,SUP_257
,group_all_SUPPLIERS,group,location,SUP_329
,group_all_SUPPLIERS,group,location,SUP_380
,group_all_SUPPLIERS,group,location,SUP_267
,group_all_SUPPLIERS,group,location,SUP_78
,group_all_SUPPLIERS,group,location,SUP_38
,group_all_SUPPLIERS,group,location,SUP_314
,group_all_SUPPLIERS,group,location,SUP_18
,group_all_SUPPLIERS,group,location,SUP_286
,group_all_SUPPLIERS,group,location,SUP_127
,group_all_SUPPLIERS,group,location,SUP_295
,group_all_SUPPLIERS,group,location,SUP_312
,group_all_SUPPLIERS,group,location,SUP_306
,group_all_SUPPLIERS,group,location,SUP_377
,group_all_SUPPLIERS,group,location,SUP_315
,group_all_SUPPLIERS,group,location,SUP_105
,group_all_SUPPLIERS,group,location,SUP_288
,group_all_SUPPLIERS,group,location,SUP_95
,group_all_SUPPLIERS,group,location,SUP_339
,group_all_SUPPLIERS,group,location,SUP_168
,group_all_SUPPLIERS,group,location,SUP_30
,group_all_SUPPLIERS,group,location,SUP_22
,group_all_SUPPLIERS,group,location,SUP_327
,group_all_SUPPLIERS,group,location,SUP_348
,group_all_SUPPLIERS,group,location,SUP_17
,group_all_SUPPLIERS,group,location,SUP_62
,group_all_SUPPLIERS,group,location,SUP_140
,group_all_SUPPLIERS,group,location,SUP_299
,group_all_SUPPLIERS,group,location,SUP_99
,group_all_SUPPLIERS,group,location,SUP_150
,group_all_SUPPLIERS,group,location,SUP_37
,group_all_SUPPLIERS,group,location,SUP_6
,group_all_SUPPLIERS,group,location,SUP_115
,group_all_SUPPLIERS,group,location,SUP_322
,group_all_SUPPLIERS,group,location,SUP_246
,group_all_SUPPLIERS,group,location,SUP_323
,group_all_SUPPLIERS,group,location,SUP_367
,group_all_SUPPLIERS,group,location,SUP_350
,group_all_SUPPLIERS,group,location,SUP_325
,group_all_SUPPLIERS,group,location,SUP_47
,group_all_SUPPLIERS,group,location,SUP_57
,group_all_SUPPLIERS,group,location,SUP_334
,group_all_SUPPLIERS,group,location,SUP_296
,group_all_SUPPLIERS,group,location,SUP_247
,group_all_SUPPLIERS,group,location,SUP_156
,group_all_SUPPLIERS,group,location,SUP_158
,group_all_SUPPLIERS,group,location,SUP_67
,group_all_SUPPLIERS,group,location,SUP_301
,group_all_SUPPLIERS,group,location,SUP_64
,group_all_SUPPLIERS,group,location,SUP_293
,group_all_SUPPLIERS,group,location,SUP_364
,group_all_SUPPLIERS,group,location,SUP_129
,group_all_SUPPLIERS,group,location,SUP_141
,group_all_SUPPLIERS,group,location,SUP_16
,group_all_SUPPLIERS,group,location,SUP_25
,group_all_SUPPLIERS,group,location,SUP_321
,group_all_SUPPLIERS,group,location,SUP_331
,group_all_SUPPLIERS,group,location,SUP_42
,group_all_SUPPLIERS,group,location,SUP_399
,group_all_SUPPLIERS,group,location,SUP_45
,group_all_SUPPLIERS,group,location,SUP_360
,group_all_SUPPLIERS,group,location,SUP_270
,group_all_SUPPLIERS,group,location,SUP_333
,group_all_SUPPLIERS,group,location,SUP_35
,group_all_SUPPLIERS,group,location,SUP_359
,group_all_SUPPLIERS,group,location,SUP_44
,group_all_SUPPLIERS,group,location,SUP_46
,group_all_SUPPLIERS,group,location,SUP_289
,group_all_SUPPLIERS,group,location,SUP_66
,group_all_SUPPLIERS,group,location,SUP_80
,group_all_SUPPLIERS,group,location,SUP_355
,group_all_SUPPLIERS,group,location,SUP_310
,group_all_SUPPLIERS,group,location,SUP_126
,group_all_SUPPLIERS,group,location,SUP_97
,group_all_SUPPLIERS,group,location,SUP_145
,group_all_SUPPLIERS,group,location,SUP_335
,group_all_SUPPLIERS,group,location,SUP_300
,group_all_SUPPLIERS,group,location,SUP_143
,group_all_SUPPLIERS,group,location,SUP_337
,group_all_SUPPLIERS,group,location,SUP_324
,group_all_SUPPLIERS,group,location,SUP_305
,group_all_SUPPLIERS,group,location,SUP_33
,group_all_SUPPLIERS,group,location,SUP_304
,group_all_SUPPLIERS,group,location,SUP_297
,group_all_SUPPLIERS,group,location,SUP_317
,group_all_SUPPLIERS,group,location,SUP_292
,group_all_SUPPLIERS,group,location,SUP_87
,group_all_SUPPLIERS,group,location,SUP_104
,group_all_customers,group,location,PROGRAM_FG
,group_all_customers,group,location,PROGRAM_CC
,group_all_products,group,product,P_1
,group_all_products,group,product,P_2
,group_all_products,group,product,P_3
,group_all_products,group,product,P_4
,group_all_products,group,product,P_5
,group_all_products,group,product,P_6
,group_all_products,group,product,P_7
,group_all_products,group,product,P_8
,group_all_products,group,product,P_9
,group_all_products,group,product,P_10
,group_all_products,group,product,P_11
,group_all_products,group,product,P_12
,group_all_products,group,product,P_13
,group_all_products,group,product,P_14
,group_all_products,group,product,P_15
,group_all_products,group,product,P_16
,group_all_products,group,product,P_17
,group_all_products,group,product,P_18
,group_all_products,group,product,P_19
,group_all_products,group,product,P_20
,group_all_products,group,product,P_21
,group_all_products,group,product,P_22
,group_all_products,group,product,P_23
,group_all_products,group,product,P_24
,group_all_products,group,product,P_25
,group_all_products,group,product,P_26
,group_all_products,group,product,P_27
,group_all_products,group,product,P_28
,group_all_products,group,product,P_29
,group_all_products,group,product,P_30
,group_all_products,group,product,P_31
,group_all_products,group,product,P_32
,group_all_products,group,product,P_33
,group_all_products,group,product,P_34
,group_all_products,group,product,P_35
,group_all_products,group,product,P_36
,group_all_products,group,product,P_37
,group_all_products,group,product,P_38
,group_all_products,group,product,P_39
,group_all_products,group,product,P_40
,group_all_products,group,product,P_41
,group_all_products,group,product,P_42
,group_all_products,group,product,P_43
,group_all_products,group,product,P_44
,group_all_products,group,product,P_45
,group_all_products,group,product,P_46
,group_all_products,group,product,P_47
,group_all_products,group,product,P_48
,group_all_products,group,product,P_49
,group_all_products,group,product,P_50
,group_all_products,group,product,P_51
,group_all_products,group,product,P_52
,group_all_products,group,product,P_53
,group_all_products,group,product,P_54
,group_all_products,group,product,P_55
,group_all_products,group,product,P_56
,group_all_products,group,product,P_57
,group_all_products,group,product,P_58
,group_all_products,group,product,P_59
,group_all_products,group,product,P_60
,group_all_products,group,product,P_61
,group_all_products,group,product,P_62
,group_all_products,group,product,P_63
,group_all_products,group,product,P_64
,group_all_products,group,product,P_65
,group_all_products,group,product,P_66
,group_all_products,group,product,P_67
,group_all_products,group,product,P_68
,group_all_products,group,product,P_69
,group_all_products,group,product,P_70
,group_all_products,group,product,P_71
,group_all_products,group,product,P_72
,group_all_products,group,product,P_73
,group_all_products,group,product,P_74
,group_all_products,group,product,P_75
,group_all_products,group,product,P_76
,group_all_products,group,product,P_77
,group_all_products,group,product,P_78
,group_all_products,group,product,P_79
,group_all_products,group,product,P_80
,group_all_products,group,product,P_81
,group_all_products,group,product,P_82
,group_all_products,group,product,P_83
,group_all_products,group,product,P_84
,group_all_products,group,product,P_85
,group_all_products,group,product,P_86
,group_all_products,group,product,P_87
,group_all_products,group,product,P_88
,group_all_products,group,product,P_89
,group_all_products,group,product,P_90
,group_all_products,group,product,P_91
,group_all_products,group,product,P_92
,group_all_products,group,product,P_93
,group_all_products,group,product,P_94
,group_all_products,group,product,P_95
,group_all_products,group,product,P_96
,group_all_products,group,product,P_97
,group_all_products,group,product,P_98
,group_all_products,group,product,P_99
,group_all_products,group,product,P_100
,group_all_products,group,product,P_101
,group_all_products,group,product,P_102
,group_all_products,group,product,P_103
,group_all_products,group,product,P_104
,group_all_products,group,product,P_105
,group_all_products,group,product,P_106
,group_all_products,group,product,P_107
,group_all_products,group,product,P_108
,group_all_products,group,product,P_109
,group_all_products,group,product,P_110
,group_all_products,group,product,P_111
,group_all_products,group,product,P_112
,group_all_products,group,product,P_113
,group_all_products,group,product,P_114
,group_all_products,group,product,P_115
,group_all_products,group,product,P_116
,group_all_products,group,product,P_117
,group_all_products,group,product,P_118
,group_all_products,group,product,P_119
,group_all_products,group,product,P_120
,group_all_products,group,product,P_121
,group_all_products,group,product,P_122
,group_all_products,group,product,P_123
,group_all_products,group,product,P_124
,group_all_products,group,product,P_125
,group_all_products,group,product,P_126
,group_all_products,group,product,P_127
,group_all_products,group,product,P_128
,group_all_products,group,product,P_129
,group_all_products,group,product,P_130
,group_all_products,group,product,P_131
,group_all_products,group,product,P_132
,group_all_products,group,product,P_133
,group_all_products,group,product,P_134
,group_all_products,group,product,P_135
,group_all_products,group,product,P_136
,group_all_products,group,product,P_137
,group_all_products,group,product,P_138
,group_all_products,group,product,P_139
,group_all_products,group,product,P_140
,group_all_products,group,product,P_141
,group_all_products,group,product,P_142
,group_all_products,group,product,P_143
,group_all_products,group,product,P_144
,group_all_products,group,product,P_145
,group_all_products,group,product,P_146
,group_all_products,group,product,P_147
,group_all_products,group,product,P_148
,group_all_products,group,product,P_149
,group_all_products,group,product,P_150
,group_all_products,group,product,P_151
,group_all_products,group,product,P_152
,group_all_products,group,product,P_153
,group_all_products,group,product,P_154
,group_all_products,group,product,P_155
,group_all_products,group,product,P_156
,group_all_products,group,product,P_157
,group_all_products,group,product,P_158
,group_all_products,group,product,P_159
,group_all_products,group,product,P_160
,group_all_products,group,product,P_161
,group_all_products,group,product,P_162
,group_all_products,group,product,P_163
,group_all_products,group,product,P_164
,group_all_products,group,product,P_165
,group_all_products,group,product,P_166
,group_all_products,group,product,P_167
,group_all_products,group,product,P_168
,group_all_products,group,product,P_169
,group_all_products,group,product,P_170
,group_all_products,group,product,P_171
,group_all_products,group,product,P_172
,group_all_products,group,product,P_173
,group_all_products,group,product,P_174
,group_all_products,group,product,P_175
,group_all_products,group,product,P_176
,group_all_products,group,product,P_177
,group_all_products,group,product,P_178
,group_all_products,group,product,P_179
,group_all_products,group,product,P_180
,group_all_products,group,product,P_181
,group_all_products,group,product,P_182
,group_all_products,group,product,P_183
,group_all_products,group,product,P_184
,group_all_products,group,product,P_185
,group_all_products,group,product,P_186
,group_all_products,group,product,P_187
,group_all_products,group,product,P_188
,group_all_products,group,product,P_189
,group_all_products,group,product,P_190
,group_all_products,group,product,P_191
,group_all_products,group,product,P_192
,group_all_products,group,product,P_193
,group_all_products,group,product,P_194
,group_all_products,group,product,P_195
,group_all_products,group,product,P_196
,group_all_products,group,product,P_197
,group_all_products,group,product,P_198
,group_all_products,group,product,P_199
,group_all_products,group,product,P_200
,group_all_products,group,product,P_201
,group_all_products,group,product,P_202
,group_all_products,group,product,P_203
,group_all_products,group,product,P_204
,group_all_products,group,product,P_205
,group_all_products,group,product,P_206
,group_all_products,group,product,P_207
,group_all_products,group,product,P_208
,group_all_products,group,product,P_209
,group_all_products,group,product,P_210
,group_all_products,group,product,P_211
,group_all_products,group,product,P_212
,group_all_products,group,product,P_213
,group_all_products,group,product,P_214
,group_all_products,group,product,P_215
,group_all_products,group,product,P_216
,group_all_products,group,product,P_217
,group_all_products,group,product,P_218
,group_all_products,group,product,P_219
,group_all_products,group,product,P_220
,group_all_products,group,product,P_221
,group_all_products,group,product,P_222
,group_all_products,group,product,P_223
,group_all_products,group,product,P_224
,group_all_products,group,product,P_225
,group_all_products,group,product,P_226
,group_all_products,group,product,P_227
,group_all_products,group,product,P_228
,group_all_products,group,product,P_229
,group_all_products,group,product,P_230
,group_all_products,group,product,P_231
,group_all_products,group,product,P_232
,group_all_products,group,product,P_233
,group_all_products,group,product,P_234
,group_all_products,group,product,P_235
,group_all_products,group,product,P_236
,group_all_products,group,product,P_237
,group_all_products,group,product,P_238
,group_all_products,group,product,P_239
,group_all_products,group,product,P_240
,group_all_products,group,product,P_241
,group_all_products,group,product,P_242
,group_all_products,group,product,P_243
,group_all_products,group,product,P_244
,group_all_products,group,product,P_245
,group_all_products,group,product,P_246
,group_all_products,group,product,P_247
,group_all_products,group,product,P_248
,group_all_products,group,product,P_249
,group_all_products,group,product,P_250
,group_all_products,group,product,P_251
,group_all_products,group,product,P_252
,group_all_products,group,product,P_253
,group_all_products,group,product,P_254
,group_all_products,group,product,P_255
,group_all_products,group,product,P_256
,group_all_products,group,product,P_257
,group_all_products,group,product,P_258
,group_all_products,group,product,P_259
,group_all_products,group,product,P_260
,group_all_products,group,product,P_261
,group_all_products,group,product,P_262
,group_all_products,group,product,P_263
,group_all_products,group,product,P_264
,group_all_products,group,product,P_265
,group_all_products,group,product,P_266
,group_all_products,group,product,P_267
,group_all_products,group,product,P_268
,group_all_products,group,product,P_269
,group_all_products,group,product,P_270
,group_all_products,group,product,P_271
,group_all_products,group,product,P_272
,group_all_products,group,product,P_273
,group_all_products,group,product,P_274
,group_all_products,group,product,P_275
,group_all_products,group,product,P_276
,group_all_products,group,product,P_277
,group_all_products,group,product,P_278
,group_all_products,group,product,P_279
,group_all_products,group,product,P_280
,group_all_products,group,product,P_281
,group_all_products,group,product,P_282
,group_all_products,group,product,P_283
,group_all_products,group,product,P_284
,group_all_products,group,product,P_285
,group_all_products,group,product,P_286
,group_all_products,group,product,P_287
,group_all_products,group,product,P_288
,group_all_products,group,product,P_289
,group_all_products,group,product,P_290
,group_all_products,group,product,P_291
,group_all_products,group,product,P_292
,group_all_products,group,product,P_293
,group_all_products,group,product,P_294
,group_all_products,group,product,P_295
,group_all_products,group,product,P_296
,group_all_products,group,product,P_297
,group_all_products,group,product,P_298
,group_all_products,group,product,P_299
,group_all_products,group,product,P_300
,group_all_products,group,product,P_301
,group_all_products,group,product,P_302
,group_all_products,group,product,P_303
,group_all_products,group,product,P_304
,group_all_products,group,product,P_305
,group_all_products,group,product,P_306
,group_all_products,group,product,P_307
,group_all_products,group,product,P_308
,group_all_products,group,product,P_309
,group_all_products,group,product,P_310
,group_all_products,group,product,P_311
,group_all_products,group,product,P_312
,group_all_products,group,product,P_313
,group_all_products,group,product,P_314
,group_all_products,group,product,P_315
,group_all_products,group,product,P_316
,group_all_products,group,product,P_317
,group_all_products,group,product,P_318
,group_all_products,group,product,P_319
,group_all_products,group,product,P_320
,group_all_products,group,product,P_321
,group_all_products,group,product,P_322
,group_all_products,group,product,P_323
,group_all_products,group,product,P_324
,group_all_products,group,product,P_325
,group_all_products,group,product,P_326
,group_all_products,group,product,P_327
,group_all_products,group,product,P_328
,group_all_products,group,product,P_329
,group_all_products,group,product,P_330
,group_all_products,group,product,P_331
,group_all_products,group,product,P_332
,group_all_products,group,product,P_333
,group_all_products,group,product,P_334
,group_all_products,group,product,P_335
,group_all_products,group,product,P_336
,group_all_products,group,product,P_337
,group_all_products,group,product,P_338
,group_all_products,group,product,P_339
,group_all_products,group,product,P_340
,group_all_products,group,product,P_341
,group_all_products,group,product,P_342
,group_all_products,group,product,P_343
,group_all_products,group,product,P_344
,group_all_products,group,product,P_345
,group_all_products,group,product,P_346
,group_all_products,group,product,P_347
,group_all_products,group,product,P_348
,group_all_products,group,product,P_349
,group_all_products,group,product,P_350
,group_all_products,group,product,P_351
,group_all_products,group,product,P_352
,group_all_products,group,product,P_353
,group_all_products,group,product,P_354
,group_all_products,group,product,P_355
,group_all_products,group,product,P_356
,group_all_products,group,product,P_357
,group_all_products,group,product,P_358
,group_all_products,group,product,P_359
,group_all_products,group,product,P_360
,group_all_products,group,product,P_361
,group_all_products,group,product,P_362
,group_all_products,group,product,P_363
,group_all_products,group,product,P_364
,group_all_products,group,product,P_365
,group_all_products,group,product,P_366
,group_all_products,group,product,P_367
,group_all_products,group,product,P_368
,group_all_products,group,product,P_369
,group_all_products,group,product,P_370
,group_all_products,group,product,P_371
,group_all_products,group,product,P_372
,group_all_products,group,product,P_373
,group_all_products,group,product,P_374
,group_all_products,group,product,P_375
,group_all_products,group,product,P_376
,group_all_products,group,product,P_377
,group_all_products,group,product,P_378
,group_all_products,group,product,P_379
,group_all_products,group,product,P_380
,group_all_products,group,product,P_381
,group_all_products,group,product,P_382
,group_all_products,group,product,P_383
,group_all_products,group,product,P_384
,group_all_products,group,product,P_385
,group_all_products,group,product,P_386
,group_all_products,group,product,P_387
,group_all_products,group,product,P_388
,group_all_products,group,product,P_389
,group_all_products,group,product,P_390
,group_all_products,group,product,P_391
,group_all_products,group,product,P_392
,group_all_products,group,product,P_393
,group_all_products,group,product,P_394
,group_all_products,group,product,P_395
,group_all_products,group,product,P_396
,group_all_products,group,product,P_397
,group_all_products,group,product,P_398
,group_all_products,group,product,P_399
,group_all_products,group,product,P_400
,group_all_products,group,product,P_401
,group_all_products,group,product,P_402
,group_all_products,group,product,P_403
,group_all_products,group,product,P_404
,group_all_products,group,product,P_405
,group_all_products,group,product,P_406
,group_all_products,group,product,P_407
,group_all_products,group,product,P_408
,group_all_products,group,product,P_409
,group_all_products,group,product,P_410
,group_all_products,group,product,P_411
,group_all_products,group,product,P_412
,group_all_products,group,product,P_413
,group_all_products,group,product,P_414
,group_all_products,group,product,P_415
,group_all_products,group,product,P_416
,group_all_products,group,product,P_417
,group_all_products,group,product,P_418
,group_all_products,group,product,P_419
,group_all_products,group,product,P_420
,group_all_products,group,product,P_421
,group_all_products,group,product,P_422
,group_all_products,group,product,P_423
,group_all_products,group,product,P_424
,group_all_products,group,product,P_425
,group_all_products,group,product,P_426
,group_all_products,group,product,P_427
,group_all_products,group,product,P_428
,group_all_products,group,product,P_429
,group_all_products,group,product,P_430
,group_all_products,group,product,P_431
,group_all_products,group,product,P_432
,group_all_products,group,product,P_433
,group_all_products,group,product,P_434
,group_all_products,group,product,P_435
,group_all_products,group,product,P_436
,group_all_products,group,product,P_437
,group_all_products,group,product,P_438
,group_all_products,group,product,P_439
,group_all_products,group,product,P_440
,group_all_products,group,product,P_441
,group_all_products,group,product,P_442
,group_all_products,group,product,P_443
,group_all_products,group,product,P_444
,group_all_products,group,product,P_445
,group_all_products,group,product,P_446
,group_all_products,group,product,P_447
,group_all_products,group,product,P_448
,group_all_products,group,product,P_449
,group_all_products,group,product,P_450
,group_all_products,group,product,P_451
,group_all_products,group,product,P_452
,group_all_products,group,product,P_453
,group_all_products,group,product,P_454
,group_all_products,group,product,P_455
,group_all_products,group,product,P_456
,group_all_products,group,product,P_457
,group_all_products,group,product,P_458
,group_all_products,group,product,P_459
,group_all_products,group,product,P_460
,group_all_products,group,product,P_461
,group_all_products,group,product,P_462
,group_all_products,group,product,P_463
,group_all_products,group,product,P_464
,group_all_products,group,product,P_465
,group_all_products,group,product,P_466
,group_all_products,group,product,P_467
,group_all_products,group,product,P_468
,group_all_products,group,product,P_469
,group_all_products,group,product,P_470
,group_all_products,group,product,P_471
,group_all_products,group,product,P_472
,group_all_products,group,product,P_473
,group_all_products,group,product,P_474
,group_all_products,group,product,P_475
,group_all_products,group,product,P_476
,group_all_products,group,product,P_477
,group_all_products,group,product,P_478
,group_all_products,group,product,P_479
,group_all_products,group,product,P_480
,group_all_products,group,product,P_481
,group_all_products,group,product,P_482
,group_all_products,group,product,P_483
,group_all_products,group,product,P_484
,group_all_products,group,product,P_485
,group_all_products,group,product,P_486
,group_all_products,group,product,P_487
,group_all_products,group,product,P_488
,group_all_products,group,product,P_489
,group_all_products,group,product,P_490
,group_all_products,group,product,P_491
,group_all_products,group,product,P_492
,group_all_products,group,product,P_493
,group_all_products,group,product,P_494
,group_all_products,group,product,P_495
,group_all_products,group,product,P_496
,group_all_products,group,product,P_497
,group_all_products,group,product,P_498
,group_all_products,group,product,P_499
,group_all_products,group,product,P_500
,group_all_products,group,product,P_501
,group_all_products,group,product,P_502
,group_all_products,group,product,P_503
,group_all_products,group,product,P_504
,group_all_products,group,product,P_505
,group_all_products,group,product,P_506
,group_all_products,group,product,P_507
,group_all_products,group,product,P_508
,group_all_products,group,product,P_509
,group_all_products,group,product,P_510
,group_all_products,group,product,P_511
,group_all_products,group,product,P_512
,group_all_products,group,product,P_513
,group_all_products,group,product,P_514
,group_all_products,group,product,P_515
,group_all_products,group,product,P_516
,group_all_products,group,product,P_517
,group_all_products,group,product,P_518
,group_all_products,group,product,P_519
,group_all_products,group,product,P_520
,group_all_products,group,product,P_521
,group_all_products,group,product,P_522
,group_all_products,group,product,P_523
,group_all_products,group,product,P_524
,group_all_products,group,product,P_525
,group_all_products,group,product,P_526
,group_all_products,group,product,P_527
,group_all_products,group,product,P_528
,group_all_products,group,product,P_529
,group_all_products,group,product,P_530
,group_all_products,group,product,P_531
,group_all_products,group,product,P_532
,group_all_products,group,product,P_533
,group_all_products,group,product,P_534
,group_all_products,group,product,P_535
,group_all_products,group,product,P_536
,group_all_products,group,product,P_537
,group_all_products,group,product,P_538
,group_all_products,group,product,P_539
,group_all_products,group,product,P_540
,group_all_products,group,product,P_541
,group_all_products,group,product,P_542
,group_all_products,group,product,P_543
,group_all_products,group,product,P_544
,group_all_products,group,product,P_545
,group_all_products,group,product,P_546
,group_all_products,group,product,P_547
,group_all_products,group,product,P_548
,group_all_products,group,product,P_549
,group_all_products,group,product,P_550
,group_all_products,group,product,P_551
,group_all_products,group,product,P_552
,group_all_products,group,product,P_553
,group_all_products,group,product,P_554
,group_all_products,group,product,P_555
,group_all_products,group,product,P_556
,group_all_products,group,product,P_557
,group_all_products,group,product,P_558
,group_all_products,group,product,P_559
,group_all_products,group,product,P_560
,group_all_products,group,product,P_561
,group_all_products,group,product,P_562
,group_all_products,group,product,P_563
,group_all_products,group,product,P_564
,group_all_products,group,product,P_565
,group_all_products,group,product,P_566
,group_all_products,group,product,P_567
,group_all_products,group,product,P_568
,group_all_products,group,product,P_569
,group_all_products,group,product,P_570
,group_all_products,group,product,P_571
,group_all_products,group,product,P_572
,group_all_products,group,product,P_573
,group_all_products,group,product,P_574
,group_all_products,group,product,P_575
,group_all_products,group,product,P_576
,group_all_products,group,product,P_577
,group_all_products,group,product,P_578
,group_all_products,group,product,P_579
,group_all_products,group,product,P_580
,group_all_products,group,product,P_581
,group_all_products,group,product,P_582
,group_all_products,group,product,P_583
,group_all_products,group,product,P_584
,group_all_products,group,product,P_585
,group_all_products,group,product,P_586
,group_all_products,group,product,P_587
,group_all_products,group,product,P_588
,group_all_products,group,product,P_589
,group_all_products,group,product,P_590
,group_all_products,group,product,P_591
,group_all_products,group,product,P_592
,group_all_products,group,product,P_593
,group_all_products,group,product,P_594
,group_all_products,group,product,P_595
,group_all_products,group,product,P_596
,group_all_products,group,product,P_597
,group_all_products,group,product,P_598
,group_all_products,group,product,P_599
,group_all_products,group,product,P_600
,group_all_products,group,product,P_601
,group_all_products,group,product,P_602
,group_all_products,group,product,P_603
,group_all_products,group,product,P_604
,group_all_products,group,product,P_605
,group_all_products,group,product,P_606
,group_all_products,group,product,P_607
,group_all_products,group,product,P_608
,group_all_products,group,product,P_609
,group_all_products,group,product,P_610
,group_all_products,group,product,P_611
,group_all_products,group,product,P_612
,group_all_products,group,product,P_613
,group_all_products,group,product,P_614
,group_all_products,group,product,P_615
,group_all_products,group,product,P_616
,group_all_products,group,product,P_617
,group_all_products,group,product,P_618
,group_all_products,group,product,P_619
,group_all_products,group,product,P_620
,group_all_products,group,product,P_621
,group_all_products,group,product,P_622
,group_all_products,group,product,P_623
,group_all_products,group,product,P_624
,group_all_products,group,product,P_625
,group_all_products,group,product,P_626
,group_all_products,group,product,P_627
,group_all_products,group,product,P_628
,group_all_products,group,product,P_629
,group_all_products,group,product,P_630
,group_all_products,group,product,P_631
,group_all_products,group,product,P_632
,group_all_products,group,product,P_633
,group_all_products,group,product,P_634
,group_all_products,group,product,P_635
,group_all_products,group,product,P_636
,group_all_products,group,product,P_637
,group_all_products,group,product,P_638
,group_all_products,group,product,P_639
,group_all_products,group,product,P_640
,group_all_products,group,product,P_641
,group_all_products,group,product,P_642
,group_all_products,group,product,P_643
,group_all_products,group,product,P_644
,group_all_products,group,product,P_645
,group_all_products,group,product,P_646
,group_all_products,group,product,P_647
,group_all_products,group,product,P_648
,group_all_products,group,product,P_649
,group_all_products,group,product,P_650
,group_all_products,group,product,P_651
,group_all_products,group,product,P_652
,group_all_products,group,product,P_653
,group_all_products,group,product,P_654
,group_all_products,group,product,P_655
,group_all_products,group,product,P_656
,group_all_products,group,product,P_657
,group_all_products,group,product,P_658
,group_all_products,group,product,P_659
,group_all_products,group,product,P_660
,group_all_products,group,product,P_661
,group_all_products,group,product,P_662
,group_all_products,group,product,P_663
,group_all_products,group,product,P_664
,group_all_products,group,product,P_665
,group_all_products,group,product,P_666
,group_all_products,group,product,P_667
,group_all_products,group,product,P_668
,group_all_products,group,product,P_669
,group_all_products,group,product,P_670
,group_all_products,group,product,P_671
,group_all_products,group,product,P_672
,group_all_products,group,product,P_673
,group_all_products,group,product,P_674
,group_all_products,group,product,P_675
,group_all_products,group,product,P_676
,group_all_products,group,product,P_677
,group_all_products,group,product,P_678
,group_all_products,group,product,P_679
,group_all_products,group,product,P_680
,group_all_products,group,product,P_681
,group_all_products,group,product,P_682
,group_all_products,group,product,P_683
,group_all_products,group,product,P_684
,group_all_products,group,product,P_685
,group_all_products,group,product,P_686
,group_all_products,group,product,P_687
,group_all_products,group,product,P_688
,group_all_products,group,product,P_689
,group_all_products,group,product,P_690
,group_all_products,group,product,P_691
,group_all_products,group,product,P_692
,group_all_products,group,product,P_693
,group_all_products,group,product,P_694
,group_all_products,group,product,P_695
,group_all_products,group,product,P_696
,group_all_products,group,product,P_697
,group_all_products,group,product,P_698
,group_all_products,group,product,P_699
,group_all_products,group,product,P_700
,group_all_products,group,product,P_701
,group_all_products,group,product,P_702
,group_all_products,group,product,P_703
,group_all_products,group,product,P_704
,group_all_products,group,product,P_705
,group_all_products,group,product,P_706
,group_all_products,group,product,P_707
,group_all_products,group,product,P_708
,group_all_products,group,product,P_709
,group_all_products,group,product,P_710
,group_all_products,group,product,P_711
,group_all_products,group,product,P_712
,group_all_products,group,product,P_713
,group_all_products,group,product,P_714
,group_all_products,group,product,P_715
,group_all_products,group,product,P_716
,group_all_products,group,product,P_717
,group_all_products,group,product,P_718
,group_all_products,group,product,P_719
,group_all_products,group,product,P_720
,group_all_products,group,product,P_721
,group_all_products,group,product,P_722
,group_all_products,group,product,P_723
,group_all_products,group,product,P_724
,group_all_products,group,product,P_725
,group_all_products,group,product,P_726
,group_all_products,group,product,P_727
,group_all_products,group,product,P_728
,group_all_products,group,product,P_729
,group_all_products,group,product,P_730
,group_all_products,group,product,P_731
,group_all_products,group,product,P_732
,group_all_products,group,product,P_733
,group_all_products,group,product,P_734
,group_all_products,group,product,P_735
,group_all_products,group,product,P_736
,group_all_products,group,product,P_737
,group_all_products,group,product,P_738
,group_all_products,group,product,P_739
,group_all_products,group,product,P_740
,group_all_products,group,product,P_741
,group_all_products,group,product,P_742
,group_all_products,group,product,P_743
,group_all_products,group,product,P_744
,group_all_products,group,product,P_745
,group_all_products,group,product,P_746
,group_all_products,group,product,P_747
,group_all_products,group,product,P_748
,group_all_products,group,product,P_749
,group_all_products,group,product,P_750
,group_all_products,group,product,P_751
,group_all_products,group,product,P_752
,group_all_products,group,product,P_753
,group_all_products,group,product,P_754
,group_all_products,group,product,P_755
,group_all_products,group,product,P_756
,group_all_products,group,product,P_757
,group_all_products,group,product,P_758
,group_all_products,group,product,P_759
,group_all_products,group,product,P_760
,group_all_products,group,product,P_761
,group_all_products,group,product,P_762
,group_all_products,group,product,P_763
,group_all_products,group,product,P_764
,group_all_products,group,product,P_765
,group_all_products,group,product,P_766
,group_all_products,group,product,P_767
,group_all_products,group,product,P_768
,group_all_products,group,product,P_769
,group_all_products,group,product,P_770
,group_all_products,group,product,P_771
,group_all_products,group,product,P_772
,group_all_products,group,product,P_773
,group_all_products,group,product,P_774
,group_all_products,group,product,P_775
,group_all_products,group,product,P_776
,group_all_products,group,product,P_777
,group_all_products,group,product,P_778
,group_all_products,group,product,P_779
,group_all_products,group,product,P_780
,group_all_products,group,product,P_781
,group_all_products,group,product,P_782
,group_all_products,group,product,P_783
,group_all_products,group,product,P_784
,group_all_products,group,product,P_785
,group_all_products,group,product,P_786
,group_all_products,group,product,P_787
,group_all_products,group,product,P_788
,group_all_products,group,product,P_789
,group_all_products,group,product,P_790
,group_all_products,group,product,P_791
,group_all_products,group,product,P_792
,group_all_products,group,product,P_793
,group_all_products,group,product,P_794
,group_all_products,group,product,P_795
,group_all_products,group,product,P_796
,group_all_products,group,product,P_797
,group_all_products,group,product,P_798
,group_all_products,group,product,P_799
,group_all_products,group,product,P_800
,group_all_products,group,product,P_801
,group_all_products,group,product,P_802
,group_all_products,group,product,P_803
,group_all_products,group,product,P_804
,group_all_products,group,product,P_805
,group_all_products,group,product,P_806
,group_all_products,group,product,P_807
,group_all_products,group,product,P_808
,group_all_products,group,product,P_809
,group_all_products,group,product,P_810
,group_all_products,group,product,P_811
,group_all_products,group,product,P_812
,group_all_products,group,product,P_813
,group_all_products,group,product,P_814
,group_all_products,group,product,P_815
,group_all_products,group,product,P_816
,group_all_products,group,product,P_817
,group_all_products,group,product,P_818
,group_all_products,group,product,P_819
,group_all_products,group,product,P_820
,group_all_products,group,product,P_821
,group_all_products,group,product,P_822
,group_all_products,group,product,P_823
,group_all_products,group,product,P_824
,group_all_products,group,product,P_825
,group_all_products,group,product,P_826
,group_all_products,group,product,P_827
,group_all_products,group,product,P_828
,group_all_products,group,product,P_829
,group_all_products,group,product,P_830
,group_all_products,group,product,P_831
,group_all_products,group,product,P_832
,group_all_products,group,product,P_833
,group_all_products,group,product,P_834
,group_all_products,group,product,P_835
,group_all_products,group,product,P_836
,group_all_products,group,product,P_837
,group_all_products,group,product,P_838
,group_all_products,group,product,P_839
,group_all_products,group,product,P_840
,group_all_products,group,product,P_841
,group_all_products,group,product,P_842
,group_all_products,group,product,P_843
,group_all_products,group,product,P_844
,group_all_products,group,product,P_845
,group_all_products,group,product,P_846
,group_all_products,group,product,P_847
,group_all_products,group,product,P_848
,group_all_products,group,product,P_849
,group_all_products,group,product,P_850
,group_all_products,group,product,P_851
,group_all_products,group,product,P_852
,group_all_products,group,product,P_853
,group_all_products,group,product,P_854
,group_all_products,group,product,P_855
,group_all_products,group,product,P_856
,group_all_products,group,product,P_857
,group_all_products,group,product,P_858
,group_all_products,group,product,P_859
,group_all_products,group,product,P_860
,group_all_products,group,product,P_861
,group_all_products,group,product,P_862
,group_all_products,group,product,P_863
,group_all_products,group,product,P_864
,group_all_products,group,product,P_865
,group_all_products,group,product,P_866
,group_all_products,group,product,P_867
,group_all_products,group,product,P_868
,group_all_products,group,product,P_869
,group_all_products,group,product,P_870
,group_all_products,group,product,P_871
,group_all_products,group,product,P_872
,group_all_products,group,product,P_873
,group_all_products,group,product,P_874
,group_all_products,group,product,P_875
,group_all_products,group,product,P_876
,group_all_products,group,product,P_877
,group_all_products,group,product,P_878
,group_all_products,group,product,P_879
,group_all_products,group,product,P_880
,group_all_products,group,product,P_881
,group_all_products,group,product,P_882
,group_all_products,group,product,P_883
,group_all_products,group,product,P_884
,group_all_products,group,product,P_885
,group_all_products,group,product,P_886
,group_all_products,group,product,P_887
,group_all_products,group,product,P_888
,group_all_products,group,product,P_889
,group_all_products,group,product,P_890
,group_all_products,group,product,P_891
,group_all_products,group,product,P_892
,group_all_products,group,product,P_893
,group_all_products,group,product,P_894
,group_all_products,group,product,P_895
,group_all_products,group,product,P_896
,group_all_products,group,product,P_897
,group_all_products,group,product,P_898
,group_all_products,group,product,P_899
,group_all_products,group,product,P_900
,group_all_products,group,product,P_901
,group_all_products,group,product,P_902
,group_all_products,group,product,P_903
,group_all_products,group,product,P_904
,group_all_products,group,product,P_905
,group_all_products,group,product,P_906
,group_all_products,group,product,P_907
,group_all_products,group,product,P_908
,group_all_products,group,product,P_909
,group_all_products,group,product,P_910
,group_all_products,group,product,P_911
,group_all_products,group,product,P_912
,group_all_products,group,product,P_913
,group_all_products,group,product,P_914
,group_all_products,group,product,P_915
,group_all_products,group,product,P_916
,group_all_products,group,product,P_917
,group_all_products,group,product,P_918
,group_all_products,group,product,P_919
,group_all_products,group,product,P_920
,group_all_products,group,product,P_921
,group_all_products,group,product,P_922
,group_all_products,group,product,P_923
,group_all_products,group,product,P_924
,group_all_products,group,product,P_925
,group_all_products,group,product,P_926
,group_all_products,group,product,P_927
,group_all_products,group,product,P_928
,group_all_products,group,product,P_929
,group_all_products,group,product,P_930
,group_all_products,group,product,P_931
,group_all_products,group,product,P_932
,group_all_products,group,product,P_933
,group_all_products,group,product,P_934
,group_all_products,group,product,P_935
,group_all_products,group,product,P_936
,group_all_products,group,product,P_937
,group_all_products,group,product,P_938
,group_all_products,group,product,P_939
,group_all_products,group,product,P_940
,group_all_products,group,product,P_941
,group_all_products,group,product,P_942
,group_all_products,group,product,P_943
,group_all_products,group,product,P_944
,group_all_products,group,product,P_945
,group_all_products,group,product,P_946
,group_all_products,group,product,P_947
,group_all_products,group,product,P_948
,group_all_products,group,product,P_949
,group_all_products,group,product,P_950
,group_all_products,group,product,P_951
,group_all_products,group,product,P_952
,group_all_products,group,product,P_953
,group_all_products,group,product,P_954
,group_all_products,group,product,P_955
,group_all_products,group,product,P_956
,group_all_products,group,product,P_957
,group_all_products,group,product,P_958
,group_all_products,group,product,P_959
,group_all_products,group,product,P_960
,group_all_products,group,product,P_961
,group_all_products,group,product,P_962
,group_all_products,group,product,P_963
,group_all_products,group,product,P_964
,group_all_products,group,product,P_965
,group_all_products,group,product,P_966
,group_all_products,group,product,P_967
,group_all_products,group,product,P_968
,group_all_products,group,product,P_969
,group_all_products,group,product,P_970
,group_all_products,group,product,P_971
,group_all_products,group,product,P_972
,group_all_products,group,product,P_973
,group_all_products,group,product,P_974
,group_all_products,group,product,P_975
,group_all_products,group,product,P_976
,group_all_products,group,product,P_977
,group_all_products,group,product,P_978
,group_all_products,group,product,P_979
,group_all_products,group,product,P_980
,group_all_products,group,product,P_981
,group_all_products,group,product,P_982
,group_all_products,group,product,P_983
,group_all_products,group,product,P_984
,group_all_products,group,product,P_985
,group_all_products,group,product,P_986
,group_all_products,group,product,P_987
,group_all_products,group,product,P_988
,group_all_products,group,product,P_989
,group_all_products,group,product,P_990
,group_all_products,group,product,P_991
,group_all_products,group,product,P_992
,group_all_products,group,product,P_993
,group_all_products,group,product,P_994
,group_all_products,group,product,P_995
,group_all_products,group,product,P_996
,group_all_products,group,product,P_997
,group_all_products,group,product,P_998
,group_all_products,group,product,P_999
,group_all_products,group,product,P_1000
,group_all_products,group,product,P_1001
